Village_Code,District,Village_Name,total_road_length,paved_road_length,unpaved_road_length,percentage_paved_roads,internal_road_quality,main_road_access,nearest_town_distance,public_transport_availability,seasonal_accessibility,street_lighting_on_roads,maintenance_frequency,bridges_culverts_available
1,Chittoor,Charlespalli,16.32,6.12,10.2,37.5,Poor,9.71,46.46,Yes - Low Frequency,All-weather,43.7,Rare,2
2,East Godavari,Nicolepalli,24.78,14.13,10.65,57.02,Poor,5.54,6.96,No,All-weather,6.7,Rare,9
3,Vizianagaram,Scottpalli,2.64,1.88,0.76,71.21,Average,14.03,34.82,Yes - High Frequency,All-weather,13.0,Occasional,5
4,Krishna,Tinapalli,15.02,4.71,10.31,31.36,Poor,3.74,25.96,No,Blocked during rains,12.3,Regular,8
5,YSR Kadapa,Tiffanypalli,7.09,5.7,1.39,80.39,Poor,12.22,15.21,Yes - Low Frequency,Blocked during rains,64.6,Occasional,10
6,Visakhapatnam,Triciapalli,2.72,1.46,1.26,53.68,Average,4.7,38.73,Yes - Low Frequency,All-weather,79.0,Rare,4
7,Kurnool,Adampalli,19.08,10.25,8.83,53.72,Good,6.92,41.91,Yes - High Frequency,Blocked during rains,80.3,Rare,1
8,Visakhapatnam,Alexandrapalli,3.56,2.27,1.29,63.76,Average,8.32,47.82,Yes - Low Frequency,Blocked during rains,57.1,Rare,7
9,Prakasam,Amandapalli,12.19,8.57,3.62,70.3,Average,3.93,36.12,No,All-weather,0.9,Regular,3
10,Kurnool,Jamespalli,18.06,8.65,9.41,47.9,Good,7.28,31.88,Yes - High Frequency,All-weather,98.7,Occasional,6
11,Kurnool,Janepalli,15.87,12.08,3.79,76.12,Average,10.0,28.16,Yes - High Frequency,All-weather,49.0,Rare,6
12,West Godavari,Robertpalli,5.69,4.24,1.45,74.52,Poor,5.51,29.18,No,Blocked during rains,21.0,Rare,2
13,Prakasam,Kimberlypalli,17.4,12.69,4.71,72.93,Poor,14.97,38.93,No,All-weather,85.8,Rare,6
14,Kurnool,Jessicapalli,11.23,4.94,6.29,43.99,Good,10.36,29.62,Yes - High Frequency,All-weather,95.5,Regular,2
15,Prakasam,Sarahpalli,8.54,4.25,4.29,49.77,Poor,13.09,11.27,No,All-weather,84.1,Occasional,8
16,East Godavari,Alexanderpalli,10.12,8.78,1.34,86.76,Poor,4.46,39.93,Yes - Low Frequency,Blocked during rains,86.1,Regular,7
17,Nellore,Alyssapalli,3.85,3.27,0.58,84.94,Good,12.16,41.85,No,All-weather,67.8,Regular,9
18,Krishna,Dustinpalli,3.43,1.31,2.12,38.19,Average,9.01,8.88,Yes - High Frequency,Blocked during rains,44.8,Regular,4
19,Anantapur,Michellepalli,8.94,2.75,6.19,30.76,Average,12.19,31.73,Yes - Low Frequency,Blocked during rains,97.6,Rare,1
20,YSR Kadapa,Karenpalli,5.13,2.45,2.68,47.76,Good,5.88,16.93,Yes - High Frequency,All-weather,11.8,Regular,8
21,Srikakulam,Patrickpalli,24.96,21.88,3.08,87.66,Average,2.78,35.43,Yes - Low Frequency,Blocked during rains,43.9,Regular,5
22,Prakasam,Manuelpalli,15.28,4.27,11.01,27.95,Good,8.45,31.63,No,Blocked during rains,86.9,Occasional,6
23,Prakasam,Katiepalli,6.77,2.7,4.07,39.88,Good,6.82,8.15,Yes - Low Frequency,All-weather,24.0,Rare,1
24,Nellore,Shannonpalli,20.82,7.98,12.84,38.33,Average,0.58,39.89,Yes - High Frequency,Blocked during rains,44.6,Rare,1
25,Guntur,Kevinpalli,8.67,4.94,3.73,56.98,Poor,14.28,28.44,Yes - High Frequency,All-weather,51.3,Occasional,3
26,Visakhapatnam,Kerrypalli,16.1,12.71,3.39,78.94,Poor,9.57,31.72,Yes - Low Frequency,All-weather,66.0,Rare,7
27,West Godavari,Courtneypalli,16.68,12.04,4.64,72.18,Poor,14.96,28.0,Yes - Low Frequency,Blocked during rains,58.6,Regular,2
28,Guntur,Timothypalli,15.8,6.85,8.95,43.35,Good,11.95,18.5,Yes - High Frequency,Blocked during rains,90.2,Regular,0
29,Anantapur,Jonathanpalli,23.92,10.81,13.11,45.19,Average,13.09,23.68,Yes - High Frequency,All-weather,70.9,Occasional,1
30,Chittoor,Kimberlypalli,20.57,5.71,14.86,27.76,Average,4.56,31.55,Yes - High Frequency,Blocked during rains,27.4,Rare,1
31,Vizianagaram,Rebeccapalli,20.87,14.2,6.67,68.04,Good,9.69,25.62,Yes - High Frequency,Blocked during rains,29.1,Occasional,5
32,Anantapur,Kylepalli,5.33,1.07,4.26,20.08,Good,0.73,19.37,Yes - Low Frequency,Blocked during rains,74.8,Occasional,3
33,Nellore,Michellepalli,17.97,10.21,7.76,56.82,Good,9.21,48.65,Yes - High Frequency,Blocked during rains,24.4,Rare,0
34,Prakasam,Melindapalli,20.54,5.81,14.73,28.29,Good,5.84,36.53,Yes - High Frequency,All-weather,53.8,Regular,7
35,Visakhapatnam,Johnpalli,24.88,16.6,8.28,66.72,Poor,12.42,2.1,No,Blocked during rains,9.2,Rare,8
36,Nellore,Kelseypalli,4.17,1.97,2.2,47.24,Poor,9.17,33.47,Yes - Low Frequency,All-weather,22.0,Occasional,9
37,Visakhapatnam,Dalepalli,19.81,15.36,4.45,77.54,Average,13.96,41.45,Yes - High Frequency,All-weather,58.2,Rare,6
38,West Godavari,Kimberlypalli,15.47,5.52,9.95,35.68,Good,11.08,39.61,Yes - High Frequency,Blocked during rains,72.4,Rare,3
39,Srikakulam,Josephpalli,4.61,2.7,1.91,58.57,Poor,8.38,27.23,No,Blocked during rains,67.6,Rare,4
40,East Godavari,Kimberlypalli,6.34,1.74,4.6,27.44,Good,8.55,4.94,Yes - High Frequency,All-weather,52.9,Rare,2
41,Krishna,Billypalli,24.53,9.26,15.27,37.75,Average,8.96,20.67,Yes - High Frequency,All-weather,42.8,Occasional,5
42,Krishna,Pamelapalli,8.13,7.17,0.96,88.19,Good,10.11,45.8,Yes - High Frequency,Blocked during rains,25.2,Regular,10
43,Chittoor,Randypalli,6.0,1.37,4.63,22.83,Poor,12.71,29.09,Yes - High Frequency,All-weather,48.0,Regular,4
44,Nellore,Zacharypalli,2.28,1.21,1.07,53.07,Poor,2.54,29.63,Yes - High Frequency,Blocked during rains,65.6,Occasional,7
45,Chittoor,Susanpalli,20.29,15.57,4.72,76.74,Poor,1.87,49.91,Yes - High Frequency,Blocked during rains,77.9,Regular,7
46,East Godavari,Amandapalli,4.07,2.83,1.24,69.53,Average,12.78,7.96,No,All-weather,95.7,Rare,4
47,YSR Kadapa,Wesleypalli,9.82,3.34,6.48,34.01,Poor,1.91,11.97,Yes - High Frequency,All-weather,67.8,Regular,6
48,Nellore,Danielpalli,11.18,6.26,4.92,55.99,Poor,13.66,49.66,Yes - Low Frequency,All-weather,56.4,Regular,1
49,Visakhapatnam,Jenniferpalli,10.04,5.11,4.93,50.9,Poor,12.39,7.63,Yes - High Frequency,Blocked during rains,92.8,Regular,7
50,Nellore,Paigepalli,9.14,6.94,2.2,75.93,Poor,2.68,8.3,No,All-weather,93.1,Occasional,1
51,Srikakulam,Jocelynpalli,11.17,5.31,5.86,47.54,Good,5.1,42.01,Yes - Low Frequency,All-weather,11.1,Occasional,9
52,Srikakulam,Codypalli,13.79,2.92,10.87,21.17,Poor,6.78,12.09,Yes - Low Frequency,Blocked during rains,59.2,Occasional,10
53,Kurnool,Robertpalli,18.08,11.78,6.3,65.15,Poor,5.55,35.98,Yes - High Frequency,All-weather,7.2,Regular,0
54,Krishna,Amberpalli,7.15,1.97,5.18,27.55,Good,8.85,13.02,Yes - High Frequency,All-weather,79.7,Occasional,2
55,Krishna,Dianepalli,2.34,1.74,0.6,74.36,Poor,3.18,36.3,Yes - Low Frequency,Blocked during rains,18.3,Rare,7
56,Vizianagaram,Josephpalli,22.99,14.18,8.81,61.68,Poor,7.26,2.28,Yes - Low Frequency,All-weather,34.7,Occasional,5
57,Chittoor,Victorpalli,19.83,3.98,15.85,20.07,Average,11.63,46.8,Yes - Low Frequency,Blocked during rains,12.6,Occasional,1
58,Vizianagaram,Timothypalli,2.82,1.72,1.1,60.99,Average,4.71,5.89,Yes - Low Frequency,Blocked during rains,60.6,Occasional,3
59,Kurnool,Glennpalli,17.57,4.3,13.27,24.47,Average,9.61,32.53,No,All-weather,34.1,Regular,8
60,Visakhapatnam,Shannonpalli,3.33,0.9,2.43,27.03,Poor,7.18,2.56,No,Blocked during rains,13.7,Rare,9
61,Kurnool,Katiepalli,23.42,8.14,15.28,34.76,Good,12.03,43.37,No,All-weather,57.1,Regular,5
62,Vizianagaram,Debbiepalli,15.72,10.96,4.76,69.72,Poor,10.08,3.02,Yes - Low Frequency,Blocked during rains,81.0,Regular,3
63,Srikakulam,Toddpalli,17.2,13.61,3.59,79.13,Average,10.0,25.96,Yes - High Frequency,Blocked during rains,75.2,Regular,2
64,Anantapur,Bettypalli,23.05,10.09,12.96,43.77,Poor,3.73,4.12,Yes - Low Frequency,Blocked during rains,35.5,Regular,0
65,West Godavari,Jasonpalli,12.7,2.98,9.72,23.46,Good,4.05,18.96,No,All-weather,49.2,Occasional,7
66,Vizianagaram,Toddpalli,16.21,7.52,8.69,46.39,Poor,4.98,37.52,Yes - High Frequency,Blocked during rains,20.2,Occasional,1
67,Nellore,Nicolepalli,18.89,14.35,4.54,75.97,Good,9.24,31.6,Yes - High Frequency,Blocked during rains,63.8,Rare,0
68,YSR Kadapa,Davidpalli,21.72,8.51,13.21,39.18,Good,9.95,38.11,No,All-weather,13.2,Occasional,7
69,East Godavari,Timothypalli,2.14,0.94,1.2,43.93,Poor,9.67,36.07,No,Blocked during rains,77.4,Rare,1
70,West Godavari,Nicolepalli,22.6,19.13,3.47,84.65,Poor,1.79,49.34,Yes - Low Frequency,All-weather,95.9,Occasional,8
71,Krishna,Anthonypalli,23.53,17.36,6.17,73.78,Good,1.69,27.75,Yes - Low Frequency,Blocked during rains,10.8,Occasional,0
72,Prakasam,Glendapalli,21.14,13.88,7.26,65.66,Poor,4.77,18.98,Yes - High Frequency,All-weather,30.4,Regular,8
73,East Godavari,Justinpalli,17.03,13.37,3.66,78.51,Poor,4.79,14.35,No,Blocked during rains,14.9,Rare,3
74,Vizianagaram,Haroldpalli,23.75,21.35,2.4,89.89,Poor,4.43,22.07,Yes - Low Frequency,All-weather,37.9,Regular,9
75,Visakhapatnam,Emilypalli,10.21,7.69,2.52,75.32,Average,7.37,15.16,No,All-weather,31.2,Rare,1
76,Prakasam,Sarahpalli,15.4,11.0,4.4,71.43,Poor,6.77,2.43,Yes - Low Frequency,Blocked during rains,38.8,Occasional,8
77,Guntur,Tracipalli,10.1,8.16,1.94,80.79,Good,9.27,11.16,Yes - Low Frequency,All-weather,77.0,Regular,3
78,Kurnool,Nicholaspalli,12.34,7.02,5.32,56.89,Good,8.08,40.43,No,Blocked during rains,86.6,Regular,9
79,Anantapur,Jonathanpalli,12.62,10.89,1.73,86.29,Good,6.68,14.02,Yes - Low Frequency,All-weather,55.9,Regular,4
80,Kurnool,Samanthapalli,7.72,6.1,1.62,79.02,Average,12.23,35.19,Yes - High Frequency,All-weather,82.2,Rare,10
81,Krishna,Patriciapalli,22.29,18.42,3.87,82.64,Average,2.16,30.93,Yes - High Frequency,Blocked during rains,25.3,Regular,2
82,Chittoor,Jacobpalli,12.85,4.41,8.44,34.32,Good,9.57,3.58,No,Blocked during rains,96.9,Occasional,3
83,Nellore,Tinapalli,7.74,4.14,3.6,53.49,Poor,1.39,21.14,No,Blocked during rains,2.3,Rare,7
84,Kurnool,Joshuapalli,10.33,3.53,6.8,34.17,Good,6.6,34.13,No,Blocked during rains,30.8,Rare,10
85,Nellore,Adampalli,14.31,4.89,9.42,34.17,Average,12.15,5.66,Yes - High Frequency,All-weather,45.8,Rare,8
86,Prakasam,Pamelapalli,20.13,6.29,13.84,31.25,Poor,14.61,33.48,Yes - High Frequency,Blocked during rains,36.5,Regular,2
87,Chittoor,Kevinpalli,8.12,2.61,5.51,32.14,Average,7.63,35.02,Yes - Low Frequency,All-weather,41.1,Rare,10
88,Vizianagaram,Cherylpalli,21.86,16.15,5.71,73.88,Average,11.34,45.79,No,All-weather,69.0,Rare,7
89,Chittoor,Karenpalli,3.62,2.01,1.61,55.52,Good,11.62,27.61,No,All-weather,70.5,Rare,2
90,Krishna,Frankpalli,9.09,3.56,5.53,39.16,Good,7.85,40.22,No,Blocked during rains,32.8,Regular,9
91,Anantapur,Matthewpalli,11.71,6.75,4.96,57.64,Poor,9.87,43.51,Yes - Low Frequency,All-weather,48.9,Regular,4
92,West Godavari,Carolpalli,19.01,7.35,11.66,38.66,Average,2.17,43.12,No,Blocked during rains,56.9,Rare,6
93,West Godavari,Markpalli,22.82,20.27,2.55,88.83,Good,7.52,15.61,No,All-weather,21.8,Rare,1
94,West Godavari,Derekpalli,21.45,19.23,2.22,89.65,Good,6.97,31.5,No,Blocked during rains,54.6,Regular,3
95,YSR Kadapa,Josephpalli,13.39,6.4,6.99,47.8,Good,7.56,5.35,Yes - Low Frequency,All-weather,54.4,Rare,7
96,Kurnool,Anthonypalli,2.14,1.0,1.14,46.73,Average,8.13,33.31,Yes - High Frequency,Blocked during rains,3.7,Occasional,10
97,YSR Kadapa,Stephaniepalli,12.17,7.76,4.41,63.76,Average,9.4,18.28,Yes - Low Frequency,All-weather,42.1,Occasional,7
98,Vizianagaram,Lisapalli,11.71,5.24,6.47,44.75,Poor,11.97,25.86,Yes - High Frequency,All-weather,15.3,Rare,1
99,Nellore,Jorgepalli,19.55,8.01,11.54,40.97,Average,4.82,15.95,No,All-weather,51.2,Regular,1
100,East Godavari,Vanessapalli,6.96,4.01,2.95,57.61,Average,2.21,20.61,No,Blocked during rains,68.5,Rare,3
101,Prakasam,Amberpalli,4.12,1.67,2.45,40.53,Average,12.0,42.86,Yes - High Frequency,Blocked during rains,62.7,Occasional,8
102,West Godavari,Jeffpalli,5.43,2.41,3.02,44.38,Average,3.47,23.65,Yes - High Frequency,All-weather,30.1,Rare,3
103,Prakasam,Robertpalli,23.32,13.68,9.64,58.66,Average,2.99,3.53,Yes - High Frequency,Blocked during rains,25.7,Rare,9
104,Visakhapatnam,Jonpalli,12.13,8.62,3.51,71.06,Good,9.71,43.57,Yes - Low Frequency,All-weather,72.7,Rare,0
105,Krishna,Richardpalli,12.11,7.15,4.96,59.04,Poor,7.98,25.03,Yes - High Frequency,All-weather,86.4,Rare,7
106,Srikakulam,Calvinpalli,3.2,1.86,1.34,58.13,Poor,11.43,32.13,Yes - High Frequency,Blocked during rains,36.1,Rare,6
107,Krishna,Jamespalli,3.16,1.33,1.83,42.09,Poor,6.02,11.93,Yes - High Frequency,Blocked during rains,24.7,Regular,0
108,Krishna,Marissapalli,2.33,0.53,1.8,22.75,Average,13.6,36.05,Yes - High Frequency,Blocked during rains,61.2,Rare,5
109,Chittoor,Mitchellpalli,6.2,4.71,1.49,75.97,Poor,14.22,47.1,No,All-weather,3.0,Occasional,0
110,Anantapur,Robertpalli,12.86,10.28,2.58,79.94,Good,9.04,35.59,No,Blocked during rains,51.0,Regular,6
111,Anantapur,Michaelpalli,14.56,3.46,11.1,23.76,Average,2.24,16.66,No,Blocked during rains,56.8,Regular,9
112,YSR Kadapa,Nicholaspalli,10.29,5.03,5.26,48.88,Average,2.97,18.55,Yes - High Frequency,Blocked during rains,97.0,Regular,7
113,Kurnool,Sarahpalli,15.86,11.58,4.28,73.01,Poor,0.81,46.45,Yes - High Frequency,All-weather,16.5,Regular,7
114,East Godavari,Alexispalli,23.37,17.14,6.23,73.34,Poor,11.2,29.84,No,Blocked during rains,0.9,Rare,0
115,East Godavari,Amandapalli,19.16,10.02,9.14,52.3,Good,3.83,15.61,Yes - Low Frequency,Blocked during rains,88.4,Regular,2
116,West Godavari,Douglaspalli,14.81,3.85,10.96,26.0,Good,5.92,17.73,Yes - High Frequency,Blocked during rains,97.9,Occasional,9
117,Kurnool,Jamespalli,9.49,3.22,6.27,33.93,Poor,6.84,39.05,Yes - Low Frequency,Blocked during rains,58.1,Occasional,9
118,Vizianagaram,Melaniepalli,21.64,5.81,15.83,26.85,Average,12.41,13.32,No,All-weather,43.0,Rare,3
119,YSR Kadapa,Crystalpalli,11.48,2.49,8.99,21.69,Poor,12.82,2.17,Yes - Low Frequency,Blocked during rains,81.9,Rare,7
120,Guntur,Michellepalli,16.13,9.86,6.27,61.13,Poor,13.87,38.46,No,Blocked during rains,41.3,Occasional,8
121,East Godavari,Bradleypalli,6.99,5.95,1.04,85.12,Good,7.39,37.96,Yes - Low Frequency,All-weather,97.4,Rare,4
122,Guntur,Kylepalli,19.9,6.1,13.8,30.65,Average,9.14,29.18,No,All-weather,82.9,Occasional,2
123,Nellore,Brendapalli,17.12,15.05,2.07,87.91,Good,3.54,39.61,Yes - High Frequency,All-weather,22.0,Regular,0
124,Vizianagaram,Melindapalli,15.76,6.45,9.31,40.93,Poor,8.59,24.33,No,All-weather,35.1,Regular,6
125,Visakhapatnam,Sarahpalli,18.96,4.65,14.31,24.53,Average,5.08,31.22,Yes - Low Frequency,All-weather,50.0,Rare,9
126,Chittoor,Lisapalli,22.34,7.44,14.9,33.3,Poor,3.1,34.58,Yes - Low Frequency,Blocked during rains,52.0,Occasional,2
127,Vizianagaram,Russellpalli,14.4,6.6,7.8,45.83,Poor,4.13,26.6,Yes - Low Frequency,Blocked during rains,54.9,Regular,5
128,East Godavari,Jakepalli,12.7,9.05,3.65,71.26,Average,1.11,43.08,Yes - Low Frequency,All-weather,96.4,Occasional,3
129,Chittoor,Juliapalli,13.76,9.94,3.82,72.24,Average,7.67,41.97,Yes - Low Frequency,Blocked during rains,97.9,Regular,4
130,East Godavari,Tracypalli,12.97,3.0,9.97,23.13,Good,4.59,48.29,No,Blocked during rains,92.0,Rare,10
131,Chittoor,Brettpalli,12.04,9.23,2.81,76.66,Average,5.17,42.12,No,All-weather,14.3,Occasional,8
132,Kurnool,Yolandapalli,4.41,3.26,1.15,73.92,Poor,12.02,47.64,Yes - High Frequency,Blocked during rains,21.7,Regular,5
133,Vizianagaram,Lisapalli,7.24,5.43,1.81,75.0,Poor,6.61,26.01,No,All-weather,74.5,Regular,7
134,Srikakulam,Melissapalli,6.59,4.89,1.7,74.2,Poor,7.09,47.99,No,Blocked during rains,66.9,Regular,5
135,West Godavari,Taylorpalli,9.35,4.98,4.37,53.26,Good,5.37,4.66,Yes - High Frequency,All-weather,54.0,Rare,9
136,East Godavari,Briannapalli,2.53,1.28,1.25,50.59,Poor,12.55,11.82,Yes - Low Frequency,Blocked during rains,11.1,Rare,8
137,Srikakulam,Jonathanpalli,9.12,7.62,1.5,83.55,Poor,7.26,34.36,No,Blocked during rains,51.1,Regular,2
138,Srikakulam,Andrewpalli,11.24,5.51,5.73,49.02,Good,5.15,19.36,Yes - High Frequency,All-weather,61.2,Rare,5
139,Visakhapatnam,Lancepalli,12.72,4.25,8.47,33.41,Poor,6.74,30.39,Yes - High Frequency,Blocked during rains,35.9,Regular,9
140,Vizianagaram,Jamespalli,4.02,2.32,1.7,57.71,Average,12.23,16.09,Yes - High Frequency,All-weather,85.3,Occasional,4
141,Kurnool,Donaldpalli,2.47,1.31,1.16,53.04,Poor,3.56,30.78,Yes - High Frequency,Blocked during rains,2.2,Rare,7
142,Visakhapatnam,Melissapalli,15.1,7.84,7.26,51.92,Good,6.03,24.93,Yes - Low Frequency,All-weather,5.1,Occasional,7
143,Visakhapatnam,Shellypalli,5.98,1.41,4.57,23.58,Poor,6.97,7.55,Yes - Low Frequency,Blocked during rains,43.9,Regular,2
144,Vizianagaram,Reneepalli,19.02,8.01,11.01,42.11,Good,12.05,6.32,No,All-weather,60.2,Rare,5
145,Guntur,Johnpalli,11.87,7.86,4.01,66.22,Average,8.0,47.86,Yes - High Frequency,All-weather,44.5,Occasional,1
146,YSR Kadapa,Davidpalli,9.84,5.37,4.47,54.57,Good,0.74,27.1,No,All-weather,35.5,Regular,5
147,West Godavari,Jessicapalli,14.58,8.13,6.45,55.76,Average,12.84,41.59,No,Blocked during rains,47.4,Regular,3
148,Prakasam,Bryanpalli,23.48,5.05,18.43,21.51,Average,12.15,23.31,Yes - High Frequency,Blocked during rains,0.8,Rare,10
149,Visakhapatnam,Robertpalli,3.99,2.19,1.8,54.89,Poor,13.99,24.59,Yes - Low Frequency,Blocked during rains,44.1,Occasional,7
150,Chittoor,Sheilapalli,2.68,1.34,1.34,50.0,Good,5.16,49.24,Yes - Low Frequency,All-weather,83.7,Regular,9
151,Prakasam,Sharonpalli,5.19,3.86,1.33,74.37,Average,7.92,2.99,No,All-weather,7.2,Regular,6
152,Prakasam,Margaretpalli,20.57,15.61,4.96,75.89,Poor,8.58,3.75,No,Blocked during rains,52.3,Regular,0
153,West Godavari,Mauricepalli,9.43,7.33,2.1,77.73,Average,2.42,24.41,Yes - High Frequency,Blocked during rains,47.2,Rare,5
154,YSR Kadapa,Denisepalli,23.48,12.0,11.48,51.11,Average,9.75,43.7,Yes - High Frequency,Blocked during rains,98.7,Regular,8
155,Vizianagaram,Thomaspalli,20.73,10.88,9.85,52.48,Average,13.12,40.85,Yes - High Frequency,All-weather,0.6,Regular,4
156,West Godavari,Emilypalli,15.32,9.65,5.67,62.99,Good,13.43,11.85,Yes - Low Frequency,All-weather,37.2,Regular,7
157,Vizianagaram,Jenniferpalli,5.46,2.01,3.45,36.81,Good,1.91,45.86,Yes - Low Frequency,Blocked during rains,93.7,Rare,3
158,Visakhapatnam,Scottpalli,5.74,3.41,2.33,59.41,Good,2.05,16.16,Yes - Low Frequency,All-weather,56.0,Rare,7
159,Prakasam,Williampalli,7.66,1.83,5.83,23.89,Good,1.66,9.94,Yes - Low Frequency,Blocked during rains,52.2,Regular,7
160,Guntur,Cindypalli,9.11,5.82,3.29,63.89,Poor,13.39,16.2,No,All-weather,89.2,Regular,0
161,Anantapur,Aaronpalli,16.07,6.95,9.12,43.25,Average,13.52,10.46,Yes - Low Frequency,All-weather,45.7,Occasional,8
162,Prakasam,Marypalli,24.08,14.8,9.28,61.46,Average,11.92,21.32,Yes - High Frequency,All-weather,75.7,Rare,1
163,Guntur,Jonathanpalli,11.76,9.26,2.5,78.74,Poor,4.19,22.33,Yes - Low Frequency,Blocked during rains,9.8,Occasional,7
164,Anantapur,Richardpalli,10.98,2.9,8.08,26.41,Good,3.44,38.53,Yes - High Frequency,Blocked during rains,91.4,Regular,7
165,Guntur,Jopalli,3.18,1.33,1.85,41.82,Poor,3.28,47.58,No,All-weather,88.3,Regular,5
166,Kurnool,Jackpalli,8.28,3.23,5.05,39.01,Poor,4.73,41.29,No,All-weather,81.1,Regular,7
167,Srikakulam,Brianapalli,9.52,2.77,6.75,29.1,Good,1.82,8.28,Yes - Low Frequency,Blocked during rains,83.2,Rare,5
168,Chittoor,Suzannepalli,13.05,5.32,7.73,40.77,Good,14.45,37.12,No,Blocked during rains,30.3,Occasional,9
169,Anantapur,Vanessapalli,6.04,2.27,3.77,37.58,Poor,14.32,15.26,No,Blocked during rains,59.5,Rare,9
170,Chittoor,Robinpalli,8.87,5.59,3.28,63.02,Average,3.24,13.78,Yes - High Frequency,Blocked during rains,44.3,Regular,9
171,Vizianagaram,Tarapalli,10.7,8.24,2.46,77.01,Poor,10.45,46.34,No,Blocked during rains,69.9,Regular,6
172,Kurnool,Jessepalli,12.75,8.5,4.25,66.67,Poor,2.47,40.44,No,All-weather,90.6,Occasional,1
173,Krishna,Jonathonpalli,19.39,15.4,3.99,79.42,Average,1.88,7.0,No,All-weather,11.4,Regular,3
174,Nellore,Jessicapalli,21.54,5.37,16.17,24.93,Poor,1.14,31.24,No,Blocked during rains,40.9,Occasional,2
175,YSR Kadapa,Michaelpalli,2.2,1.79,0.41,81.36,Good,10.66,6.18,No,All-weather,55.6,Regular,5
176,Guntur,Sandypalli,21.97,7.76,14.21,35.32,Good,6.9,17.53,Yes - High Frequency,All-weather,74.2,Rare,9
177,Visakhapatnam,Margaretpalli,13.07,8.5,4.57,65.03,Poor,3.96,48.15,No,Blocked during rains,63.5,Occasional,0
178,YSR Kadapa,Jenniferpalli,2.18,1.4,0.78,64.22,Average,6.88,2.73,Yes - High Frequency,Blocked during rains,46.7,Regular,1
179,Krishna,Ericpalli,8.01,5.32,2.69,66.42,Good,10.39,38.02,Yes - Low Frequency,All-weather,2.6,Occasional,6
180,Visakhapatnam,Amandapalli,11.2,4.28,6.92,38.21,Poor,13.73,39.32,Yes - Low Frequency,All-weather,23.6,Regular,2
181,East Godavari,Christinapalli,22.42,8.52,13.9,38.0,Average,3.19,48.05,Yes - Low Frequency,Blocked during rains,13.7,Occasional,8
182,YSR Kadapa,Ericpalli,11.48,4.28,7.2,37.28,Good,12.2,12.04,Yes - High Frequency,Blocked during rains,76.1,Rare,2
183,Visakhapatnam,Paulpalli,13.53,11.32,2.21,83.67,Poor,9.73,29.2,Yes - Low Frequency,All-weather,96.9,Occasional,3
184,Chittoor,Jamespalli,8.04,2.09,5.95,26.0,Good,8.47,34.8,Yes - Low Frequency,All-weather,63.7,Regular,6
185,Visakhapatnam,Jillpalli,2.22,0.6,1.62,27.03,Poor,12.79,8.78,Yes - Low Frequency,All-weather,73.4,Occasional,2
186,Anantapur,Samuelpalli,22.31,15.66,6.65,70.19,Average,8.54,44.26,Yes - Low Frequency,All-weather,14.5,Occasional,3
187,Nellore,Kathrynpalli,12.4,8.73,3.67,70.4,Average,12.38,42.6,No,Blocked during rains,31.3,Regular,6
188,Guntur,Douglaspalli,17.78,11.19,6.59,62.94,Good,14.42,42.69,Yes - High Frequency,Blocked during rains,66.5,Occasional,2
189,Srikakulam,Karenpalli,24.51,20.57,3.94,83.92,Average,0.88,42.92,No,Blocked during rains,82.4,Rare,4
190,Visakhapatnam,Robinpalli,11.14,2.85,8.29,25.58,Good,10.11,19.28,Yes - High Frequency,All-weather,73.4,Rare,9
191,Guntur,Emilypalli,16.36,13.89,2.47,84.9,Good,13.7,18.37,Yes - Low Frequency,All-weather,77.1,Regular,10
192,Srikakulam,Jessicapalli,14.12,7.96,6.16,56.37,Good,13.57,36.09,Yes - High Frequency,Blocked during rains,35.0,Rare,8
193,West Godavari,Markpalli,9.36,5.7,3.66,60.9,Average,4.2,41.25,No,All-weather,58.5,Regular,0
194,Kurnool,Thomaspalli,8.64,3.11,5.53,36.0,Good,6.81,41.61,Yes - Low Frequency,All-weather,31.2,Regular,9
195,Vizianagaram,Jasminepalli,6.31,4.47,1.84,70.84,Average,8.83,5.6,Yes - High Frequency,Blocked during rains,25.5,Regular,3
196,Guntur,Troypalli,4.69,2.73,1.96,58.21,Poor,4.05,20.08,Yes - Low Frequency,Blocked during rains,77.1,Occasional,0
197,Prakasam,Chloepalli,15.93,6.14,9.79,38.54,Poor,10.59,16.56,Yes - Low Frequency,All-weather,66.2,Regular,6
198,Chittoor,Shannonpalli,9.48,6.51,2.97,68.67,Poor,13.74,29.84,Yes - Low Frequency,All-weather,71.0,Regular,8
199,Guntur,Jeremypalli,15.64,12.49,3.15,79.86,Good,11.16,48.71,Yes - High Frequency,All-weather,92.5,Occasional,0
200,Vizianagaram,Ericpalli,9.41,4.69,4.72,49.84,Poor,4.15,29.17,No,All-weather,17.9,Rare,3
201,Kurnool,Scottpalli,22.44,15.4,7.04,68.63,Poor,5.83,2.19,Yes - High Frequency,All-weather,52.1,Regular,2
202,East Godavari,Sharipalli,2.2,1.69,0.51,76.82,Good,9.22,6.3,Yes - High Frequency,All-weather,14.6,Occasional,10
203,Vizianagaram,Margaretpalli,7.64,5.2,2.44,68.06,Average,7.82,3.66,No,All-weather,48.9,Rare,9
204,Krishna,Alisonpalli,14.09,10.4,3.69,73.81,Poor,9.05,2.05,Yes - Low Frequency,Blocked during rains,85.5,Occasional,1
205,Srikakulam,Patrickpalli,19.69,3.99,15.7,20.26,Poor,6.09,5.3,Yes - High Frequency,Blocked during rains,8.0,Rare,10
206,Nellore,Kaitlynpalli,10.06,2.25,7.81,22.37,Average,6.53,28.74,No,All-weather,56.6,Occasional,0
207,Visakhapatnam,Lindseypalli,5.74,3.98,1.76,69.34,Good,11.38,9.85,Yes - High Frequency,Blocked during rains,64.4,Occasional,5
208,Vizianagaram,Christopherpalli,16.13,4.17,11.96,25.85,Poor,5.63,44.63,Yes - High Frequency,All-weather,35.3,Rare,9
209,Chittoor,Michellepalli,6.1,4.03,2.07,66.07,Average,14.39,13.62,No,Blocked during rains,60.9,Regular,9
210,East Godavari,Rachelpalli,13.9,6.4,7.5,46.04,Poor,2.68,18.24,Yes - High Frequency,All-weather,26.8,Regular,5
211,Prakasam,Meganpalli,10.19,8.71,1.48,85.48,Poor,7.54,2.47,Yes - High Frequency,All-weather,20.8,Rare,0
212,Chittoor,Danielpalli,21.24,11.58,9.66,54.52,Good,14.59,48.98,No,Blocked during rains,54.0,Regular,3
213,West Godavari,Amandapalli,9.57,6.58,2.99,68.76,Average,6.42,34.9,Yes - High Frequency,Blocked during rains,11.0,Regular,8
214,YSR Kadapa,Joshuapalli,9.81,8.24,1.57,84.0,Average,13.97,33.43,Yes - High Frequency,All-weather,5.6,Rare,0
215,Kurnool,Barbarapalli,23.89,14.87,9.02,62.24,Poor,10.6,40.28,Yes - Low Frequency,All-weather,20.4,Occasional,7
216,East Godavari,Michellepalli,13.31,4.86,8.45,36.51,Good,4.84,21.37,No,Blocked during rains,30.8,Regular,0
217,Kurnool,Robertpalli,7.0,5.84,1.16,83.43,Poor,4.84,13.19,No,All-weather,87.2,Occasional,6
218,Kurnool,Kathleenpalli,18.15,8.25,9.9,45.45,Average,13.53,49.58,Yes - High Frequency,Blocked during rains,42.0,Regular,0
219,Visakhapatnam,Kevinpalli,3.39,2.62,0.77,77.29,Poor,0.51,39.4,No,Blocked during rains,76.3,Regular,8
220,YSR Kadapa,Tylerpalli,7.5,3.12,4.38,41.6,Poor,1.51,6.2,Yes - Low Frequency,Blocked during rains,51.7,Regular,5
221,Nellore,Andreapalli,19.82,5.06,14.76,25.53,Average,11.57,17.86,No,Blocked during rains,30.2,Occasional,0
222,Vizianagaram,Michaelpalli,10.22,5.0,5.22,48.92,Average,11.98,18.32,Yes - High Frequency,All-weather,50.6,Regular,7
223,YSR Kadapa,Derekpalli,22.21,19.68,2.53,88.61,Poor,3.51,18.48,Yes - Low Frequency,All-weather,37.1,Rare,10
224,Vizianagaram,Lisapalli,7.54,3.55,3.99,47.08,Average,0.74,13.54,No,All-weather,47.9,Occasional,5
225,Krishna,Donnapalli,2.63,1.45,1.18,55.13,Poor,9.1,27.87,Yes - Low Frequency,All-weather,31.6,Regular,10
226,Prakasam,Andrewpalli,17.12,7.72,9.4,45.09,Good,0.72,19.35,Yes - Low Frequency,Blocked during rains,70.4,Regular,2
227,Guntur,Lauriepalli,15.34,8.12,7.22,52.93,Good,8.88,29.03,Yes - High Frequency,Blocked during rains,24.5,Rare,7
228,East Godavari,Josephpalli,23.78,21.27,2.51,89.44,Good,11.96,42.93,Yes - Low Frequency,All-weather,69.5,Regular,8
229,Visakhapatnam,Joannapalli,16.57,6.35,10.22,38.32,Average,5.11,6.82,No,Blocked during rains,55.1,Regular,8
230,Anantapur,Aprilpalli,23.13,14.34,8.79,62.0,Poor,7.55,37.83,Yes - High Frequency,All-weather,18.8,Regular,5
231,Anantapur,Jimmypalli,17.13,10.5,6.63,61.3,Good,4.0,37.24,Yes - High Frequency,Blocked during rains,7.5,Occasional,4
232,Visakhapatnam,Amypalli,12.95,2.63,10.32,20.31,Poor,11.93,25.95,Yes - Low Frequency,Blocked during rains,32.6,Occasional,9
233,Prakasam,Latoyapalli,24.27,20.95,3.32,86.32,Average,0.94,3.7,Yes - Low Frequency,All-weather,35.5,Regular,2
234,Krishna,Chadpalli,23.89,16.96,6.93,70.99,Average,12.95,18.18,Yes - Low Frequency,Blocked during rains,17.1,Occasional,3
235,East Godavari,Morganpalli,10.15,8.81,1.34,86.8,Poor,6.25,6.31,Yes - Low Frequency,Blocked during rains,7.9,Rare,2
236,Kurnool,Curtispalli,24.02,17.82,6.2,74.19,Average,8.09,18.95,No,All-weather,26.1,Regular,9
237,Nellore,Marthapalli,7.39,2.85,4.54,38.57,Poor,0.85,13.73,No,All-weather,17.9,Regular,8
238,Anantapur,Stevenpalli,16.5,11.46,5.04,69.45,Poor,5.49,20.41,No,All-weather,39.9,Rare,10
239,Srikakulam,Denisepalli,7.8,4.96,2.84,63.59,Poor,2.82,45.12,Yes - High Frequency,All-weather,56.2,Regular,9
240,Nellore,Melissapalli,2.72,2.32,0.4,85.29,Average,9.56,43.93,No,Blocked during rains,14.4,Rare,2
241,Anantapur,Sarahpalli,22.24,14.84,7.4,66.73,Poor,12.26,48.43,Yes - High Frequency,All-weather,43.3,Regular,9
242,East Godavari,Richardpalli,21.49,4.43,17.06,20.61,Good,5.26,39.21,Yes - Low Frequency,All-weather,76.0,Rare,9
243,East Godavari,Jenniferpalli,19.47,9.53,9.94,48.95,Good,6.77,9.08,No,Blocked during rains,42.1,Occasional,5
244,Anantapur,Connorpalli,21.46,13.14,8.32,61.23,Good,1.76,42.36,No,All-weather,38.2,Regular,7
245,Anantapur,Sarahpalli,4.16,1.21,2.95,29.09,Good,5.58,40.42,Yes - Low Frequency,Blocked during rains,8.1,Occasional,7
246,Anantapur,Michaelpalli,22.56,7.29,15.27,32.31,Average,5.32,39.32,Yes - Low Frequency,All-weather,94.6,Rare,4
247,YSR Kadapa,Angelapalli,12.8,4.69,8.11,36.64,Good,1.11,5.34,Yes - High Frequency,Blocked during rains,94.8,Occasional,5
248,Nellore,Triciapalli,13.27,8.13,5.14,61.27,Poor,4.55,23.38,No,All-weather,9.5,Rare,2
249,Vizianagaram,Robertpalli,9.06,6.79,2.27,74.94,Poor,4.19,21.7,Yes - High Frequency,All-weather,54.4,Rare,1
250,Nellore,Ginapalli,20.33,14.75,5.58,72.55,Average,7.12,28.61,No,Blocked during rains,29.1,Rare,10
251,Kurnool,Shaunpalli,16.3,4.96,11.34,30.43,Poor,4.0,31.83,Yes - Low Frequency,All-weather,20.6,Rare,4
252,Srikakulam,Leahpalli,16.75,8.8,7.95,52.54,Good,7.74,30.71,Yes - Low Frequency,Blocked during rains,59.7,Rare,4
253,Srikakulam,Lesliepalli,12.72,4.0,8.72,31.45,Average,13.05,32.29,No,Blocked during rains,67.0,Regular,4
254,Guntur,Robertpalli,13.65,10.65,3.0,78.02,Average,11.26,6.93,Yes - Low Frequency,All-weather,5.7,Occasional,9
255,Srikakulam,Danielpalli,23.71,5.67,18.04,23.91,Poor,12.0,33.38,Yes - Low Frequency,All-weather,76.0,Occasional,8
256,Kurnool,Jenniferpalli,7.31,3.02,4.29,41.31,Poor,1.43,17.66,Yes - High Frequency,All-weather,25.8,Occasional,7
257,West Godavari,Elizabethpalli,17.61,9.69,7.92,55.03,Poor,13.64,8.65,Yes - Low Frequency,Blocked during rains,17.6,Regular,0
258,West Godavari,Raymondpalli,13.96,11.46,2.5,82.09,Poor,6.41,34.41,Yes - High Frequency,Blocked during rains,71.0,Regular,3
259,Vizianagaram,Susanpalli,15.26,8.06,7.2,52.82,Poor,5.6,3.71,Yes - High Frequency,Blocked during rains,64.5,Occasional,9
260,Guntur,Aliciapalli,11.41,10.16,1.25,89.04,Poor,6.31,22.52,No,All-weather,37.6,Regular,8
261,Vizianagaram,Carlpalli,21.44,14.7,6.74,68.56,Poor,13.24,7.28,No,All-weather,8.5,Rare,6
262,Guntur,Andrewpalli,4.7,1.34,3.36,28.51,Good,1.63,30.63,Yes - High Frequency,Blocked during rains,84.4,Regular,8
263,YSR Kadapa,Christinepalli,21.35,6.69,14.66,31.33,Average,8.09,21.83,No,Blocked during rains,53.7,Rare,5
264,Visakhapatnam,Shawnpalli,24.31,15.27,9.04,62.81,Poor,1.77,33.12,Yes - Low Frequency,All-weather,84.8,Rare,6
265,Guntur,Zacharypalli,7.94,6.1,1.84,76.83,Poor,8.54,14.55,Yes - Low Frequency,Blocked during rains,17.6,Regular,4
266,Chittoor,Michaelpalli,19.52,16.46,3.06,84.32,Poor,4.01,14.0,No,Blocked during rains,97.3,Occasional,1
267,Visakhapatnam,Laurapalli,14.93,12.59,2.34,84.33,Good,10.45,10.93,Yes - High Frequency,All-weather,59.4,Occasional,0
268,Kurnool,Gabrielapalli,5.82,1.45,4.37,24.91,Poor,6.53,18.03,Yes - High Frequency,Blocked during rains,27.5,Rare,4
269,YSR Kadapa,Allenpalli,23.76,17.6,6.16,74.07,Poor,7.35,19.25,Yes - Low Frequency,All-weather,81.4,Regular,5
270,Vizianagaram,Kristapalli,3.61,1.27,2.34,35.18,Average,7.11,36.0,No,Blocked during rains,79.6,Rare,5
271,Vizianagaram,Jasminpalli,24.16,10.78,13.38,44.62,Poor,14.64,16.72,Yes - Low Frequency,All-weather,49.9,Rare,10
272,Guntur,Noahpalli,8.11,3.71,4.4,45.75,Poor,1.4,14.15,No,All-weather,65.1,Rare,2
273,East Godavari,Patriciapalli,22.79,11.93,10.86,52.35,Good,3.25,32.7,Yes - High Frequency,All-weather,35.6,Occasional,0
274,Prakasam,Andrewpalli,16.28,7.39,8.89,45.39,Average,5.65,12.68,Yes - Low Frequency,All-weather,3.4,Occasional,4
275,Krishna,Sergiopalli,19.58,14.48,5.1,73.95,Average,7.4,10.42,Yes - Low Frequency,Blocked during rains,65.6,Regular,10
276,East Godavari,Donnapalli,21.13,18.09,3.04,85.61,Poor,6.26,3.77,Yes - Low Frequency,Blocked during rains,75.5,Regular,9
277,Visakhapatnam,Meredithpalli,21.9,13.17,8.73,60.14,Poor,14.63,11.07,Yes - Low Frequency,Blocked during rains,19.9,Rare,0
278,Nellore,Jamiepalli,12.23,8.76,3.47,71.63,Poor,13.03,44.78,Yes - High Frequency,All-weather,7.4,Occasional,10
279,Chittoor,Anthonypalli,22.02,9.43,12.59,42.82,Poor,11.73,31.65,Yes - Low Frequency,Blocked during rains,66.4,Rare,6
280,West Godavari,Michelepalli,19.57,15.61,3.96,79.76,Poor,9.16,47.77,No,All-weather,23.4,Occasional,7
281,Nellore,Christopherpalli,23.32,8.33,14.99,35.72,Average,6.66,39.4,No,Blocked during rains,52.8,Rare,5
282,Nellore,Danielpalli,18.11,8.42,9.69,46.49,Good,6.04,30.27,No,All-weather,61.5,Occasional,6
283,Prakasam,Stephaniepalli,6.57,2.01,4.56,30.59,Good,1.87,44.1,Yes - High Frequency,Blocked during rains,83.0,Regular,3
284,Anantapur,Christopherpalli,16.44,13.92,2.52,84.67,Average,4.27,39.13,No,All-weather,79.0,Rare,10
285,Chittoor,Lorettapalli,5.4,3.69,1.71,68.33,Poor,7.6,42.74,Yes - Low Frequency,Blocked during rains,91.2,Rare,8
286,Vizianagaram,Richardpalli,12.37,5.24,7.13,42.36,Average,12.91,31.84,Yes - Low Frequency,All-weather,33.1,Rare,9
287,Kurnool,Joshuapalli,2.1,0.75,1.35,35.71,Good,13.65,46.99,No,All-weather,95.0,Regular,9
288,YSR Kadapa,Kennethpalli,17.95,14.92,3.03,83.12,Poor,7.8,27.71,Yes - High Frequency,Blocked during rains,71.2,Regular,7
289,YSR Kadapa,Brianpalli,7.47,5.6,1.87,74.97,Good,13.37,41.13,Yes - Low Frequency,Blocked during rains,48.6,Rare,5
290,Krishna,Michellepalli,7.71,5.83,1.88,75.62,Good,6.08,42.38,No,Blocked during rains,9.5,Regular,9
291,Anantapur,Cristianpalli,21.36,11.4,9.96,53.37,Average,9.95,14.28,Yes - High Frequency,Blocked during rains,89.7,Occasional,10
292,Krishna,Carolinepalli,7.15,2.69,4.46,37.62,Poor,1.29,47.9,Yes - High Frequency,All-weather,14.7,Rare,3
293,West Godavari,Kristenpalli,4.78,2.16,2.62,45.19,Good,8.05,34.18,Yes - Low Frequency,All-weather,58.8,Occasional,4
294,Guntur,Ryanpalli,18.68,4.77,13.91,25.54,Good,5.39,32.09,No,Blocked during rains,75.1,Rare,9
295,Anantapur,Jenniferpalli,20.65,15.26,5.39,73.9,Poor,13.89,14.73,Yes - High Frequency,Blocked during rains,42.9,Rare,3
296,Nellore,Samanthapalli,17.23,12.05,5.18,69.94,Average,5.89,23.69,No,All-weather,54.4,Occasional,0
297,West Godavari,Robertpalli,9.47,4.6,4.87,48.57,Average,5.43,25.9,No,All-weather,4.2,Rare,9
298,Prakasam,Williampalli,10.53,4.1,6.43,38.94,Good,1.81,13.0,Yes - Low Frequency,Blocked during rains,8.9,Regular,9
299,YSR Kadapa,Anitapalli,2.35,0.52,1.83,22.13,Average,11.47,29.41,Yes - High Frequency,Blocked during rains,77.9,Regular,9
300,Chittoor,Sandypalli,10.21,4.88,5.33,47.8,Poor,3.0,32.81,Yes - High Frequency,Blocked during rains,81.9,Regular,7
301,Krishna,Amberpalli,5.82,2.93,2.89,50.34,Poor,4.4,33.62,Yes - Low Frequency,All-weather,5.9,Regular,9
302,Kurnool,Jacquelinepalli,11.15,3.71,7.44,33.27,Average,12.83,32.51,No,Blocked during rains,28.4,Regular,10
303,YSR Kadapa,Caseypalli,2.48,2.06,0.42,83.06,Average,11.81,34.3,Yes - High Frequency,Blocked during rains,62.5,Rare,4
304,West Godavari,Jamespalli,14.2,3.94,10.26,27.75,Good,2.52,12.89,No,All-weather,37.6,Regular,9
305,Anantapur,Emilypalli,18.16,10.66,7.5,58.7,Poor,10.73,19.88,No,All-weather,60.9,Rare,0
306,Krishna,Jaredpalli,13.48,6.28,7.2,46.59,Average,9.51,36.03,No,All-weather,15.7,Rare,6
307,Prakasam,Monicapalli,21.6,11.15,10.45,51.62,Average,1.41,28.07,No,All-weather,28.7,Rare,10
308,West Godavari,Brittneypalli,10.56,5.43,5.13,51.42,Poor,3.31,37.32,Yes - Low Frequency,Blocked during rains,32.3,Rare,8
309,Nellore,Williampalli,3.84,1.27,2.57,33.07,Average,10.24,34.97,No,Blocked during rains,2.6,Regular,6
310,Krishna,Nicolepalli,7.54,5.24,2.3,69.5,Good,6.92,48.76,No,Blocked during rains,27.6,Rare,0
311,Vizianagaram,Kellypalli,13.88,3.3,10.58,23.78,Poor,10.26,41.52,Yes - High Frequency,Blocked during rains,35.9,Regular,8
312,Krishna,Jessicapalli,3.78,0.87,2.91,23.02,Good,7.66,28.92,Yes - High Frequency,All-weather,17.8,Regular,0
313,Visakhapatnam,Damonpalli,18.99,5.22,13.77,27.49,Good,13.64,42.71,No,Blocked during rains,24.3,Occasional,7
314,Krishna,Melvinpalli,12.49,6.45,6.04,51.64,Average,12.42,31.56,Yes - High Frequency,All-weather,84.0,Rare,3
315,Nellore,Shannonpalli,12.58,5.66,6.92,44.99,Poor,4.07,8.19,Yes - High Frequency,All-weather,80.6,Rare,9
316,Anantapur,Davidpalli,9.77,3.02,6.75,30.91,Good,12.75,46.57,Yes - Low Frequency,Blocked during rains,53.7,Occasional,8
317,Prakasam,Anthonypalli,4.94,3.77,1.17,76.32,Average,1.2,2.54,No,Blocked during rains,88.6,Rare,3
318,West Godavari,Jonathanpalli,21.9,14.44,7.46,65.94,Poor,7.07,44.83,Yes - Low Frequency,Blocked during rains,44.5,Occasional,5
319,Guntur,Danielpalli,18.3,4.01,14.29,21.91,Good,6.96,7.33,No,All-weather,25.9,Regular,6
320,Vizianagaram,Annapalli,13.95,9.77,4.18,70.04,Average,14.08,39.95,Yes - High Frequency,Blocked during rains,28.7,Regular,2
321,Vizianagaram,Rachelpalli,10.41,4.6,5.81,44.19,Average,0.53,24.47,No,Blocked during rains,76.3,Occasional,7
322,Chittoor,Oscarpalli,22.44,13.35,9.09,59.49,Good,5.5,44.66,Yes - High Frequency,All-weather,8.8,Rare,3
323,Anantapur,Chelseypalli,7.08,2.85,4.23,40.25,Average,9.73,35.56,Yes - High Frequency,All-weather,59.3,Occasional,2
324,Srikakulam,Brandonpalli,11.71,3.09,8.62,26.39,Average,9.32,10.74,Yes - Low Frequency,All-weather,75.7,Occasional,9
325,Krishna,Christopherpalli,22.23,7.78,14.45,35.0,Poor,4.86,19.48,No,All-weather,92.9,Rare,3
326,Vizianagaram,Thomaspalli,17.9,4.73,13.17,26.42,Good,4.49,25.21,Yes - Low Frequency,Blocked during rains,80.1,Occasional,2
327,Nellore,Jonpalli,10.98,6.79,4.19,61.84,Good,7.86,19.69,Yes - High Frequency,All-weather,93.7,Rare,4
328,Chittoor,Heatherpalli,7.74,6.76,0.98,87.34,Average,8.06,27.15,No,Blocked during rains,62.8,Rare,0
329,YSR Kadapa,Samanthapalli,16.23,3.86,12.37,23.78,Average,0.71,12.78,Yes - High Frequency,Blocked during rains,91.6,Regular,7
330,Guntur,Williampalli,19.02,13.93,5.09,73.24,Good,5.1,44.77,Yes - Low Frequency,All-weather,47.5,Occasional,1
331,Guntur,Timothypalli,14.32,12.74,1.58,88.97,Average,13.29,4.13,Yes - High Frequency,Blocked during rains,5.2,Regular,6
332,YSR Kadapa,Jenniferpalli,12.0,3.27,8.73,27.25,Poor,12.69,44.07,No,All-weather,97.2,Regular,2
333,Vizianagaram,Franciscopalli,20.81,13.48,7.33,64.78,Good,12.89,30.56,Yes - High Frequency,Blocked during rains,78.7,Occasional,0
334,Kurnool,Michaelpalli,13.54,3.73,9.81,27.55,Good,9.4,13.41,Yes - High Frequency,Blocked during rains,15.9,Rare,9
335,Visakhapatnam,Timothypalli,24.92,5.94,18.98,23.84,Average,10.32,32.92,Yes - High Frequency,All-weather,77.5,Occasional,0
336,Nellore,Sherripalli,22.87,20.1,2.77,87.89,Average,8.03,49.38,Yes - High Frequency,All-weather,42.8,Occasional,1
337,Prakasam,Michaelpalli,24.91,9.9,15.01,39.74,Good,4.32,39.56,Yes - Low Frequency,Blocked during rains,84.9,Occasional,9
338,Kurnool,Marypalli,11.48,4.65,6.83,40.51,Good,14.19,33.72,Yes - Low Frequency,All-weather,63.2,Occasional,3
339,Anantapur,Jasonpalli,7.06,5.52,1.54,78.19,Good,11.24,3.94,No,Blocked during rains,18.1,Occasional,10
340,Prakasam,Briannapalli,23.11,12.7,10.41,54.95,Good,14.61,38.2,No,All-weather,6.1,Regular,2
341,Visakhapatnam,Stevenpalli,13.58,8.8,4.78,64.8,Good,3.52,40.83,No,Blocked during rains,96.4,Rare,2
342,Vizianagaram,Adrianpalli,14.16,4.26,9.9,30.08,Poor,6.36,34.86,Yes - High Frequency,All-weather,87.8,Occasional,5
343,East Godavari,Veronicapalli,2.19,1.71,0.48,78.08,Poor,14.22,6.96,Yes - Low Frequency,Blocked during rains,24.6,Rare,1
344,Srikakulam,Randallpalli,22.02,18.05,3.97,81.97,Average,1.97,33.74,No,All-weather,24.3,Regular,1
345,Vizianagaram,Arthurpalli,10.85,2.29,8.56,21.11,Poor,8.64,49.87,Yes - Low Frequency,All-weather,17.7,Rare,2
346,Krishna,Troypalli,10.97,2.74,8.23,24.98,Good,3.35,17.81,No,All-weather,26.6,Regular,5
347,Anantapur,Meganpalli,22.54,19.85,2.69,88.07,Good,11.03,25.48,No,Blocked during rains,92.6,Rare,10
348,West Godavari,Michellepalli,21.63,7.33,14.3,33.89,Good,10.47,38.77,Yes - Low Frequency,Blocked during rains,82.5,Occasional,8
349,Anantapur,Jamespalli,6.82,1.68,5.14,24.63,Good,10.87,33.23,Yes - High Frequency,All-weather,36.4,Regular,0
350,Anantapur,Marilynpalli,18.52,12.51,6.01,67.55,Good,14.88,23.74,Yes - Low Frequency,All-weather,68.1,Occasional,5
351,Srikakulam,Amandapalli,23.54,6.96,16.58,29.57,Average,2.67,33.12,No,All-weather,9.3,Occasional,1
352,Anantapur,Jenniferpalli,8.4,5.21,3.19,62.02,Poor,5.88,2.59,Yes - Low Frequency,Blocked during rains,83.7,Regular,3
353,Kurnool,Jacquelinepalli,10.4,6.88,3.52,66.15,Average,4.01,43.29,Yes - High Frequency,Blocked during rains,5.9,Rare,10
354,Visakhapatnam,Lindsaypalli,2.21,0.51,1.7,23.08,Average,11.97,2.72,Yes - Low Frequency,All-weather,69.5,Rare,6
355,YSR Kadapa,Teresapalli,11.34,2.6,8.74,22.93,Poor,14.42,21.46,No,Blocked during rains,58.4,Rare,2
356,Guntur,Anthonypalli,6.56,2.32,4.24,35.37,Good,3.01,10.15,Yes - High Frequency,All-weather,96.0,Regular,3
357,Guntur,Michaelpalli,13.64,4.38,9.26,32.11,Average,2.59,11.43,No,All-weather,24.4,Regular,10
358,Visakhapatnam,Nathanpalli,14.39,8.33,6.06,57.89,Good,10.48,48.56,Yes - Low Frequency,Blocked during rains,28.1,Regular,9
359,West Godavari,Dalepalli,23.21,11.81,11.4,50.88,Poor,12.05,20.17,Yes - High Frequency,All-weather,26.0,Regular,10
360,Krishna,Leahpalli,11.02,5.29,5.73,48.0,Average,11.19,10.89,Yes - Low Frequency,Blocked during rains,7.7,Regular,2
361,Vizianagaram,Samuelpalli,3.46,1.24,2.22,35.84,Good,4.95,22.92,Yes - Low Frequency,All-weather,40.8,Regular,2
362,Nellore,Alexandrapalli,7.12,3.51,3.61,49.3,Poor,13.46,35.25,No,All-weather,36.4,Occasional,10
363,Prakasam,Robertpalli,8.09,6.7,1.39,82.82,Good,8.55,8.23,Yes - High Frequency,Blocked during rains,71.7,Occasional,0
364,Anantapur,Dariuspalli,3.31,1.92,1.39,58.01,Good,1.64,22.74,No,All-weather,61.3,Occasional,10
365,Anantapur,Christopherpalli,24.46,7.61,16.85,31.11,Average,4.98,15.15,Yes - Low Frequency,Blocked during rains,10.5,Occasional,4
366,Guntur,Samanthapalli,13.92,8.04,5.88,57.76,Average,2.22,36.67,No,All-weather,10.0,Regular,7
367,Visakhapatnam,Sethpalli,13.36,8.35,5.01,62.5,Poor,4.49,31.77,Yes - High Frequency,All-weather,31.9,Occasional,8
368,Nellore,Tiffanypalli,17.08,11.29,5.79,66.1,Good,8.14,22.32,No,Blocked during rains,81.8,Regular,8
369,Vizianagaram,Aaronpalli,18.34,12.1,6.24,65.98,Good,1.15,41.9,Yes - Low Frequency,Blocked during rains,88.2,Regular,9
370,Vizianagaram,Alyssapalli,5.52,1.51,4.01,27.36,Good,8.37,9.45,Yes - Low Frequency,All-weather,98.2,Regular,1
371,Visakhapatnam,Carlapalli,11.57,3.86,7.71,33.36,Average,2.91,9.97,Yes - Low Frequency,Blocked during rains,63.5,Occasional,8
372,Visakhapatnam,Anthonypalli,16.72,12.35,4.37,73.86,Poor,1.35,22.33,No,Blocked during rains,32.6,Rare,7
373,Chittoor,Joannapalli,4.09,3.31,0.78,80.93,Poor,10.92,47.03,Yes - Low Frequency,All-weather,65.7,Occasional,9
374,East Godavari,Angelapalli,4.4,1.12,3.28,25.45,Poor,10.94,3.38,No,Blocked during rains,17.6,Regular,3
375,YSR Kadapa,Josepalli,3.31,2.0,1.31,60.42,Good,4.69,4.6,Yes - Low Frequency,All-weather,41.7,Regular,1
376,YSR Kadapa,Josephpalli,6.16,4.03,2.13,65.42,Poor,3.91,16.71,Yes - Low Frequency,All-weather,79.9,Rare,10
377,Nellore,Paulpalli,17.89,5.55,12.34,31.02,Good,0.67,27.69,Yes - High Frequency,Blocked during rains,46.6,Regular,2
378,Chittoor,Rebeccapalli,16.82,9.46,7.36,56.24,Poor,1.71,27.61,No,Blocked during rains,91.8,Rare,7
379,West Godavari,Michaelpalli,12.96,2.71,10.25,20.91,Average,14.49,19.83,No,All-weather,61.7,Regular,0
380,YSR Kadapa,Priscillapalli,5.84,3.94,1.9,67.47,Poor,5.93,41.97,Yes - High Frequency,Blocked during rains,0.3,Regular,7
381,YSR Kadapa,Andreapalli,8.94,6.14,2.8,68.68,Poor,11.58,49.38,Yes - High Frequency,All-weather,53.0,Regular,3
382,East Godavari,Patrickpalli,22.21,16.85,5.36,75.87,Poor,7.42,49.44,Yes - Low Frequency,All-weather,93.2,Rare,7
383,Guntur,Reginapalli,15.33,12.69,2.64,82.78,Poor,5.69,16.73,Yes - High Frequency,Blocked during rains,39.3,Occasional,1
384,Nellore,Michaelpalli,9.81,7.99,1.82,81.45,Poor,3.09,48.0,Yes - Low Frequency,All-weather,89.5,Regular,3
385,YSR Kadapa,Christopherpalli,18.1,15.56,2.54,85.97,Average,1.37,14.27,No,All-weather,16.7,Occasional,4
386,Srikakulam,Markpalli,15.05,6.49,8.56,43.12,Poor,7.67,7.07,Yes - High Frequency,All-weather,79.6,Regular,8
387,West Godavari,Tammypalli,3.29,1.57,1.72,47.72,Good,1.85,11.19,Yes - Low Frequency,All-weather,36.4,Regular,6
388,YSR Kadapa,Bryanpalli,22.8,4.74,18.06,20.79,Average,1.79,13.0,Yes - Low Frequency,Blocked during rains,12.6,Occasional,9
389,Vizianagaram,Michaelpalli,24.24,9.84,14.4,40.59,Good,9.98,15.88,No,All-weather,33.3,Regular,9
390,YSR Kadapa,Jenniferpalli,8.62,1.97,6.65,22.85,Poor,6.37,11.71,Yes - Low Frequency,All-weather,87.0,Regular,0
391,Kurnool,Jasonpalli,14.23,11.28,2.95,79.27,Good,4.44,42.77,Yes - High Frequency,All-weather,81.6,Rare,2
392,Krishna,Angelapalli,2.2,0.56,1.64,25.45,Average,5.24,14.1,Yes - Low Frequency,All-weather,19.3,Occasional,2
393,Nellore,Stacypalli,2.87,2.51,0.36,87.46,Average,6.85,26.14,Yes - High Frequency,All-weather,88.5,Rare,5
394,East Godavari,Christinapalli,7.77,5.49,2.28,70.66,Good,1.99,48.32,No,All-weather,2.6,Regular,6
395,Guntur,Jamespalli,21.36,15.76,5.6,73.78,Poor,14.8,31.64,Yes - High Frequency,Blocked during rains,30.8,Occasional,7
396,East Godavari,Timothypalli,4.07,2.74,1.33,67.32,Poor,5.36,13.97,Yes - High Frequency,All-weather,29.5,Regular,2
397,Nellore,Jamespalli,3.72,2.47,1.25,66.4,Good,1.68,4.76,No,All-weather,92.6,Occasional,10
398,Chittoor,Jessicapalli,3.46,2.52,0.94,72.83,Average,12.32,43.99,Yes - High Frequency,Blocked during rains,28.3,Regular,7
399,Chittoor,Rebekahpalli,23.55,15.52,8.03,65.9,Poor,14.53,46.59,Yes - High Frequency,Blocked during rains,47.4,Occasional,10
400,West Godavari,Laurenpalli,20.48,12.24,8.24,59.77,Poor,11.41,5.49,Yes - Low Frequency,Blocked during rains,1.0,Occasional,6
401,Krishna,Lynnpalli,6.3,4.92,1.38,78.1,Average,6.02,10.69,No,All-weather,87.7,Occasional,10
402,Anantapur,Katiepalli,20.91,7.26,13.65,34.72,Poor,12.35,46.27,Yes - Low Frequency,Blocked during rains,33.3,Rare,0
403,East Godavari,Kathleenpalli,6.71,4.7,2.01,70.04,Average,3.29,32.56,Yes - High Frequency,Blocked during rains,11.3,Occasional,0
404,Guntur,Peterpalli,6.01,5.09,0.92,84.69,Good,8.24,41.14,No,Blocked during rains,95.3,Rare,8
405,Kurnool,Trevorpalli,9.01,5.3,3.71,58.82,Good,11.04,19.52,Yes - High Frequency,Blocked during rains,87.0,Rare,3
406,Chittoor,Brittneypalli,19.33,16.24,3.09,84.01,Poor,9.45,11.86,No,Blocked during rains,9.4,Rare,2
407,Vizianagaram,Natashapalli,4.86,3.22,1.64,66.26,Good,2.96,22.57,No,All-weather,16.9,Regular,1
408,Chittoor,Michaelpalli,23.92,4.81,19.11,20.11,Good,8.94,48.96,No,Blocked during rains,47.3,Occasional,10
409,West Godavari,Josepalli,21.08,14.16,6.92,67.17,Good,14.89,19.36,Yes - High Frequency,Blocked during rains,35.4,Regular,5
410,Visakhapatnam,Johnpalli,11.17,8.81,2.36,78.87,Good,3.66,39.93,Yes - Low Frequency,Blocked during rains,34.0,Regular,10
411,East Godavari,Bethpalli,16.01,14.19,1.82,88.63,Poor,3.96,38.12,No,Blocked during rains,85.5,Rare,5
412,YSR Kadapa,Brittanypalli,11.99,8.08,3.91,67.39,Average,3.85,44.18,Yes - Low Frequency,Blocked during rains,31.2,Occasional,8
413,Prakasam,Samanthapalli,21.89,6.33,15.56,28.92,Poor,5.4,18.84,No,All-weather,2.0,Occasional,8
414,West Godavari,Lisapalli,15.57,10.94,4.63,70.26,Average,5.74,24.39,No,Blocked during rains,7.3,Rare,7
415,YSR Kadapa,Amandapalli,2.38,1.57,0.81,65.97,Good,3.24,10.15,No,Blocked during rains,48.5,Regular,9
416,Nellore,Melaniepalli,24.12,21.66,2.46,89.8,Good,8.87,35.12,Yes - High Frequency,Blocked during rains,75.2,Regular,3
417,Nellore,Philippalli,12.82,6.57,6.25,51.25,Average,2.24,9.21,Yes - Low Frequency,All-weather,49.8,Occasional,9
418,Guntur,Douglaspalli,14.35,10.48,3.87,73.03,Poor,10.7,48.97,Yes - Low Frequency,All-weather,76.6,Occasional,2
419,Kurnool,Corypalli,13.64,4.17,9.47,30.57,Average,4.27,30.58,No,Blocked during rains,13.4,Occasional,3
420,YSR Kadapa,Meredithpalli,23.19,7.16,16.03,30.88,Good,5.83,4.33,No,All-weather,41.6,Occasional,9
421,Visakhapatnam,Karapalli,14.97,12.39,2.58,82.77,Good,2.3,40.57,No,All-weather,53.8,Rare,5
422,Prakasam,Jacobpalli,12.88,10.5,2.38,81.52,Good,8.65,3.43,Yes - Low Frequency,All-weather,59.1,Rare,1
423,Prakasam,Sarahpalli,10.49,5.14,5.35,49.0,Good,10.8,21.6,Yes - Low Frequency,Blocked during rains,98.2,Rare,1
424,Visakhapatnam,Nathanpalli,10.58,4.35,6.23,41.12,Poor,2.01,2.13,Yes - High Frequency,All-weather,64.1,Rare,5
425,Chittoor,Bobbypalli,22.26,4.76,17.5,21.38,Poor,13.94,14.75,No,All-weather,63.2,Regular,7
426,East Godavari,Jamespalli,11.86,4.2,7.66,35.41,Average,1.17,47.11,No,All-weather,73.2,Occasional,9
427,Chittoor,Robertpalli,6.08,4.53,1.55,74.51,Average,8.05,30.1,Yes - Low Frequency,All-weather,38.1,Rare,5
428,Srikakulam,Samuelpalli,24.79,18.05,6.74,72.81,Poor,2.66,2.13,Yes - High Frequency,All-weather,61.4,Rare,5
429,Prakasam,Markpalli,13.5,11.6,1.9,85.93,Poor,13.18,2.8,No,Blocked during rains,99.9,Rare,5
430,Guntur,Angelapalli,14.46,7.57,6.89,52.35,Good,4.51,31.95,Yes - Low Frequency,Blocked during rains,55.6,Occasional,5
431,YSR Kadapa,Oscarpalli,10.87,9.36,1.51,86.11,Poor,7.38,18.9,Yes - High Frequency,Blocked during rains,66.4,Regular,5
432,Anantapur,Briannapalli,2.91,0.65,2.26,22.34,Good,7.41,18.13,No,All-weather,89.5,Occasional,2
433,Chittoor,Sarapalli,19.19,9.14,10.05,47.63,Average,1.62,23.9,Yes - Low Frequency,Blocked during rains,74.9,Rare,1
434,Anantapur,Kristinepalli,24.29,16.43,7.86,67.64,Good,14.25,13.11,Yes - Low Frequency,Blocked during rains,66.2,Occasional,3
435,West Godavari,Laurenpalli,23.29,18.56,4.73,79.69,Good,2.79,39.68,No,All-weather,68.3,Rare,10
436,Vizianagaram,Robertpalli,19.99,13.4,6.59,67.03,Good,7.74,41.96,Yes - Low Frequency,Blocked during rains,34.3,Regular,2
437,Srikakulam,Ashleypalli,20.45,9.2,11.25,44.99,Good,1.98,31.22,Yes - Low Frequency,Blocked during rains,75.7,Occasional,1
438,Chittoor,Christinapalli,3.11,1.86,1.25,59.81,Good,13.99,12.07,No,All-weather,5.8,Rare,7
439,Krishna,Donnapalli,2.74,0.89,1.85,32.48,Poor,12.92,11.43,Yes - High Frequency,Blocked during rains,35.6,Occasional,0
440,Srikakulam,Nicolepalli,22.37,8.28,14.09,37.01,Good,7.37,40.46,Yes - High Frequency,All-weather,54.0,Rare,2
441,West Godavari,Brettpalli,9.29,5.17,4.12,55.65,Poor,0.64,13.09,Yes - High Frequency,All-weather,2.3,Regular,10
442,Krishna,Jonathanpalli,22.27,13.48,8.79,60.53,Poor,6.93,43.04,No,All-weather,73.8,Occasional,2
443,Srikakulam,Troypalli,18.62,12.67,5.95,68.05,Poor,3.1,46.64,Yes - High Frequency,All-weather,26.0,Occasional,3
444,Prakasam,Donaldpalli,19.74,17.69,2.05,89.61,Average,4.34,22.14,Yes - High Frequency,Blocked during rains,99.0,Occasional,8
445,Anantapur,Peterpalli,15.9,4.91,10.99,30.88,Poor,3.31,45.1,Yes - High Frequency,Blocked during rains,51.1,Occasional,9
446,Anantapur,Tiffanypalli,14.2,3.19,11.01,22.46,Poor,6.88,8.28,Yes - High Frequency,All-weather,24.0,Occasional,5
447,Prakasam,Beverlypalli,10.38,5.87,4.51,56.55,Good,2.58,26.45,Yes - High Frequency,Blocked during rains,93.0,Regular,3
448,Krishna,Dawnpalli,22.82,13.53,9.29,59.29,Poor,8.69,9.05,No,All-weather,74.2,Rare,3
449,Vizianagaram,Stephenpalli,11.98,2.79,9.19,23.29,Poor,12.14,43.9,Yes - Low Frequency,All-weather,66.0,Occasional,6
450,Vizianagaram,Williampalli,11.14,6.82,4.32,61.22,Good,10.05,31.38,Yes - High Frequency,Blocked during rains,93.1,Occasional,2
451,Chittoor,Angelapalli,5.33,2.48,2.85,46.53,Poor,4.68,26.32,Yes - Low Frequency,Blocked during rains,52.4,Occasional,1
452,Guntur,Carriepalli,23.42,12.58,10.84,53.71,Average,5.19,13.84,No,All-weather,54.4,Rare,6
453,Chittoor,Kerrypalli,14.13,9.11,5.02,64.47,Poor,13.32,43.73,No,Blocked during rains,50.7,Regular,7
454,Krishna,Jasminepalli,10.51,4.6,5.91,43.77,Good,13.24,18.14,Yes - High Frequency,All-weather,20.3,Rare,1
455,Anantapur,Christopherpalli,7.04,3.51,3.53,49.86,Poor,13.49,5.94,Yes - Low Frequency,Blocked during rains,29.0,Regular,0
456,Krishna,Josephpalli,5.54,3.23,2.31,58.3,Poor,14.7,17.33,Yes - High Frequency,Blocked during rains,58.8,Occasional,1
457,Chittoor,Robertpalli,5.38,2.24,3.14,41.64,Poor,7.33,26.05,No,All-weather,51.1,Occasional,5
458,Anantapur,Anthonypalli,24.65,12.57,12.08,50.99,Good,6.43,42.9,Yes - High Frequency,All-weather,59.2,Occasional,1
459,Vizianagaram,Bryanpalli,16.73,13.51,3.22,80.75,Good,14.67,13.48,No,All-weather,50.8,Rare,4
460,YSR Kadapa,Parkerpalli,19.46,10.21,9.25,52.47,Average,12.89,46.04,Yes - Low Frequency,Blocked during rains,77.8,Rare,0
461,Chittoor,Jeffreypalli,13.24,4.42,8.82,33.38,Good,1.92,6.1,Yes - High Frequency,Blocked during rains,95.4,Regular,0
462,Krishna,Dylanpalli,22.11,19.11,3.0,86.43,Poor,3.74,40.53,Yes - Low Frequency,All-weather,37.9,Rare,1
463,East Godavari,Haleypalli,20.57,16.58,3.99,80.6,Good,5.79,2.17,Yes - High Frequency,Blocked during rains,98.7,Rare,10
464,Kurnool,Lisapalli,12.26,5.23,7.03,42.66,Average,5.64,19.68,Yes - Low Frequency,All-weather,93.3,Occasional,2
465,Vizianagaram,Davidpalli,9.58,7.83,1.75,81.73,Poor,11.64,44.57,No,All-weather,48.1,Rare,9
466,Anantapur,Donnapalli,7.37,5.33,2.04,72.32,Average,1.65,27.51,Yes - High Frequency,All-weather,38.2,Rare,5
467,Anantapur,Davidpalli,15.6,7.17,8.43,45.96,Good,0.51,14.92,No,Blocked during rains,65.4,Rare,3
468,Vizianagaram,Jamespalli,7.89,5.17,2.72,65.53,Average,12.63,27.35,No,Blocked during rains,13.8,Rare,4
469,Nellore,Michaelpalli,6.15,1.33,4.82,21.63,Good,1.79,31.67,Yes - Low Frequency,All-weather,38.4,Rare,8
470,Prakasam,Chelseapalli,22.24,7.68,14.56,34.53,Poor,5.69,6.5,No,All-weather,78.5,Occasional,5
471,YSR Kadapa,Jacobpalli,23.81,5.89,17.92,24.74,Good,3.74,17.61,No,Blocked during rains,14.7,Rare,7
472,Anantapur,Kimberlypalli,10.51,4.41,6.1,41.96,Good,10.95,32.31,Yes - High Frequency,All-weather,30.6,Regular,8
473,Chittoor,Karlpalli,19.66,10.37,9.29,52.75,Good,4.78,40.58,Yes - Low Frequency,All-weather,23.8,Rare,0
474,Guntur,Heatherpalli,22.88,6.72,16.16,29.37,Average,8.14,21.77,Yes - High Frequency,All-weather,63.8,Regular,1
475,Vizianagaram,Brittneypalli,18.75,15.14,3.61,80.75,Poor,10.98,34.31,Yes - Low Frequency,All-weather,73.8,Occasional,7
476,Srikakulam,Lindapalli,18.1,7.12,10.98,39.34,Poor,13.87,43.49,Yes - Low Frequency,All-weather,78.4,Regular,0
477,Vizianagaram,Crystalpalli,6.89,2.96,3.93,42.96,Good,9.23,38.02,Yes - High Frequency,Blocked during rains,28.3,Rare,10
478,West Godavari,Codypalli,22.93,13.35,9.58,58.22,Good,6.42,46.07,Yes - Low Frequency,All-weather,66.7,Regular,7
479,Srikakulam,Michaelpalli,7.82,2.58,5.24,32.99,Good,4.91,4.32,Yes - High Frequency,Blocked during rains,78.3,Rare,0
480,Guntur,Thomaspalli,6.97,2.06,4.91,29.56,Good,9.51,28.02,Yes - High Frequency,All-weather,40.1,Regular,4
481,Krishna,Christopherpalli,14.74,10.68,4.06,72.46,Poor,9.01,14.57,No,All-weather,48.0,Rare,4
482,Krishna,Peterpalli,10.0,8.01,1.99,80.1,Poor,11.84,35.61,Yes - High Frequency,All-weather,26.8,Occasional,5
483,Guntur,Johnpalli,16.4,12.02,4.38,73.29,Good,12.62,24.05,No,Blocked during rains,27.0,Occasional,5
484,Guntur,Amberpalli,6.67,3.94,2.73,59.07,Average,13.6,46.2,Yes - High Frequency,All-weather,85.9,Occasional,6
485,YSR Kadapa,Jasonpalli,3.67,2.16,1.51,58.86,Average,11.04,46.02,Yes - High Frequency,All-weather,92.1,Rare,7
486,Krishna,Kylepalli,15.46,3.32,12.14,21.47,Poor,11.86,37.29,Yes - Low Frequency,All-weather,39.6,Occasional,9
487,Prakasam,Marcuspalli,4.03,1.47,2.56,36.48,Poor,13.07,13.71,Yes - Low Frequency,Blocked during rains,53.6,Regular,2
488,Krishna,Deborahpalli,15.27,11.94,3.33,78.19,Good,8.62,12.15,Yes - High Frequency,Blocked during rains,60.7,Occasional,2
489,Anantapur,Cynthiapalli,23.8,12.96,10.84,54.45,Poor,2.98,4.74,No,All-weather,43.5,Regular,1
490,East Godavari,Kevinpalli,24.07,7.68,16.39,31.91,Average,8.96,37.33,No,Blocked during rains,38.6,Regular,4
491,YSR Kadapa,Randypalli,15.35,4.27,11.08,27.82,Average,1.24,21.33,Yes - High Frequency,Blocked during rains,76.9,Occasional,7
492,YSR Kadapa,Robertpalli,13.66,8.99,4.67,65.81,Poor,9.03,12.86,Yes - Low Frequency,All-weather,6.7,Rare,0
493,Kurnool,Carriepalli,9.49,3.77,5.72,39.73,Average,13.99,48.44,Yes - High Frequency,Blocked during rains,31.6,Rare,3
494,Chittoor,Anitapalli,5.1,3.35,1.75,65.69,Good,5.43,26.64,Yes - High Frequency,Blocked during rains,97.5,Occasional,8
495,Anantapur,Jerrypalli,18.06,7.25,10.81,40.14,Poor,2.81,14.67,Yes - Low Frequency,All-weather,16.1,Regular,9
496,Anantapur,Johnpalli,14.04,8.37,5.67,59.62,Average,6.52,32.58,Yes - High Frequency,Blocked during rains,86.3,Regular,2
497,East Godavari,Victorpalli,20.67,6.48,14.19,31.35,Good,5.54,32.82,No,All-weather,59.5,Regular,8
498,Kurnool,Blakepalli,15.9,13.33,2.57,83.84,Poor,9.23,35.11,Yes - High Frequency,All-weather,43.3,Occasional,3
499,Anantapur,Emilypalli,22.94,7.83,15.11,34.13,Average,9.28,49.39,Yes - Low Frequency,All-weather,64.2,Rare,0
500,Prakasam,Josephpalli,17.89,10.28,7.61,57.46,Poor,8.47,28.11,No,All-weather,54.9,Rare,1
